Video Id,Time Added
lMhQAjvPia0,2023-02-03 02:11:16 UTC
Ul9OaElcAb0,2023-01-21 02:42:17 UTC
5T3-Y9A7X0g,2023-01-20 04:46:46 UTC
7uMVZdbjNng,2023-01-20 00:45:37 UTC
yzvpWOovMiQ,2023-01-20 00:26:11 UTC
exT-tJmXypk,2023-01-19 23:16:43 UTC
qSNf3WgP1j4,2023-01-19 22:54:05 UTC
dI6wSTgM9Zs,2023-01-18 22:56:46 UTC
Vh3Ei1ROAGY,2023-01-18 02:26:48 UTC
yiX5KmZ_ojA,2023-01-17 21:36:00 UTC
KCEgPI14Unk,2023-01-17 21:19:17 UTC
zaZsoSU0OB8,2023-01-17 12:24:45 UTC
7q8kvzmg91M,2023-01-17 10:55:58 UTC
lzme6UBXB-o,2023-01-16 01:17:42 UTC
r8iupAgohfs,2023-01-16 01:14:17 UTC
Sz7k8naB7-k,2023-01-16 00:57:13 UTC
XpqsHWSW4B4,2023-01-16 00:51:48 UTC
9Ix10XTPeoo,2023-01-16 00:44:47 UTC
Tr93j7Jxork,2023-01-15 23:24:55 UTC
mp8lYYUbJeE,2023-01-15 22:42:21 UTC
sb2p0UPBmjI,2023-01-15 08:46:10 UTC
8momQ9RCE4k,2023-01-14 22:02:43 UTC
DiZwF4mMfrY,2023-01-14 21:55:31 UTC
Se-CJxuZzsg,2023-01-14 21:51:55 UTC
CtMUt0Rk5qM,2023-01-14 05:45:19 UTC
LAVFCFcGceI,2023-01-14 05:43:10 UTC
fAkAvyeyYaI,2023-01-14 01:55:03 UTC
0vU_evBLCCo,2023-01-14 00:30:34 UTC
nsEyRSFFdgw,2023-01-14 00:29:44 UTC
0JBM_oP3F60,2023-01-14 00:28:46 UTC
z6Bbf25vO4s,2023-01-14 00:28:19 UTC
BtDFjhT_qSk,2023-01-14 00:25:25 UTC
qPG_kShADlE,2023-01-14 00:24:04 UTC
9mMXq5pimGo,2023-01-14 00:20:36 UTC
P4ry8_YbB0k,2023-01-14 00:20:06 UTC
ss0IA1EvCfM,2023-01-14 00:18:01 UTC
St0XA59r2g4,2023-01-13 23:03:13 UTC
M2X5T83T32w,2023-01-13 22:52:30 UTC
_YPngujj6IE,2023-01-13 22:00:26 UTC
hGCYNsX4v0k,2023-01-12 03:24:06 UTC
svSsjhEFcMc,2023-01-12 03:14:36 UTC
XnSw2a07xPg,2023-01-12 01:56:28 UTC
pJQByxFyO5k,2023-01-11 18:17:56 UTC
5jMZz9CEL24,2023-01-11 18:01:01 UTC
lukhYulCuZI,2023-01-11 04:51:47 UTC
BjkOYpIsdpQ,2023-01-11 04:48:56 UTC
i4G5QPSfzLY,2023-01-11 01:34:24 UTC
vFbYmKpVSlg,2023-01-10 17:49:19 UTC
rUYc6l884A0,2023-01-10 00:01:10 UTC
MqLpIRRNECo,2023-01-09 20:13:42 UTC
o32CAxVwsdY,2023-01-09 17:13:29 UTC
W-pU3K4iYjY,2023-01-09 02:18:04 UTC
K-M9X-UI7PE,2023-01-08 05:24:52 UTC
ZAP5oEcFMDY,2023-01-08 05:18:06 UTC
YslYvaL3Rd4,2023-01-06 23:24:16 UTC
vX04cmq45jA,2023-01-06 23:16:04 UTC
qfQLN9zkHes,2023-01-03 07:37:18 UTC
HSwYBGemtvs,2023-01-02 02:24:42 UTC
9MYqNs9hXuU,2023-01-01 04:35:03 UTC
qhSRDm41zvA,2023-01-01 03:47:31 UTC
s9qkXdexpII,2023-01-01 03:43:32 UTC
o6e-htfhJRU,2023-01-01 03:37:22 UTC
5XnDzAOTjKk,2022-12-31 01:56:47 UTC
o5ByczVBH_A,2022-12-31 01:53:54 UTC
80sbQ1V0ODw,2022-12-31 01:52:16 UTC
fxYt8J50W0o,2022-12-30 22:43:22 UTC
M7J9UBqMvjg,2022-12-30 03:01:11 UTC
yq83sxb-8jM,2022-12-30 02:49:01 UTC
IO2Jn8Hhays,2022-12-30 02:37:09 UTC
TisncuCxE8w,2022-12-29 12:30:41 UTC
Ke9XIdKRLsc,2022-12-28 16:23:35 UTC
 -KoqRPmmDAQ,2022-12-27 18:21:02 UTC
h9DuFFklajg,2022-12-26 21:46:37 UTC
NdYpGsnVETg,2022-12-26 20:24:41 UTC
TV634cwVYmk,2022-12-25 17:44:47 UTC
M5HbmeNKino,2022-12-25 17:36:04 UTC
k0dsS-LcoJs,2022-12-25 02:17:08 UTC
m8ZfmqhbsfU,2022-12-25 02:00:24 UTC
gh2MLjf6ycE,2022-12-25 01:56:14 UTC
adYXpNtCt2E,2022-12-25 01:44:28 UTC
Pktv01WvDyo,2022-12-25 00:53:38 UTC
q39wN3PxiO8,2022-12-24 23:52:35 UTC
jdZ8HjeDvUo,2022-12-24 21:43:37 UTC
4DpEkxGJSqg,2022-12-24 21:34:50 UTC
iSYeTyW4FXA,2022-12-24 12:39:47 UTC
NlIDHgx_FPQ,2022-12-24 04:18:42 UTC
sE4LEJyyOIQ,2022-12-24 03:16:09 UTC
i2zF2lfhdlQ,2022-12-24 00:26:06 UTC
J15vfXqnwWw,2022-12-23 18:55:35 UTC
vTOgKVQjMEg,2022-12-23 00:13:18 UTC
jd2mAG6Eehg,2022-12-22 23:35:14 UTC
hNO48UilozQ,2022-12-21 06:11:06 UTC
PYXfcuou6eQ,2022-12-20 23:03:14 UTC
2tp82Y00dbU,2022-12-20 22:57:49 UTC
EOrL8iFn_WQ,2022-12-20 21:12:07 UTC
M0nFqR505yE,2022-12-20 06:54:10 UTC
GPsaycd_GXA,2022-12-20 00:19:59 UTC
WPZ-eQ86ISo,2022-12-20 00:12:22 UTC
uGd_LM3A1H4,2022-12-19 23:08:31 UTC
Yc4QXHdF-k8,2022-12-19 20:10:32 UTC
 -jKEdIcENAw,2022-12-19 19:56:02 UTC
rWl9ehSIiXc,2022-12-19 03:10:21 UTC
_DvylaCYujA,2022-12-18 20:26:57 UTC
8dcP7gg6Mcw,2022-12-18 06:26:41 UTC
vPRDLqggwQU,2022-12-17 23:58:03 UTC
h-Z8_qsQYXc,2022-12-17 22:55:03 UTC
aX3bM-oANRg,2022-12-17 22:22:16 UTC
dE1ecVj30zA,2022-12-17 15:15:41 UTC
YBb1GY3JWsY,2022-12-17 08:59:01 UTC
Ot2qngWm2_U,2022-12-17 08:33:06 UTC
7pzqbpBql9M,2022-12-17 00:05:17 UTC
fWO2QKfCwv8,2022-12-16 23:49:11 UTC
oeqL281Zq5M,2022-12-15 18:37:52 UTC
jMe6Y8GDVEI,2022-12-12 22:28:54 UTC
zWFSzqz4HW4,2022-12-12 14:58:26 UTC
86Jzmub8flI,2022-12-10 16:03:35 UTC
Kwud9E4EroA,2022-12-10 14:07:45 UTC
62_4F-cinD0,2022-12-09 23:23:06 UTC
4yqTOfck2nU,2022-12-09 22:48:52 UTC
XYmuDyziEyw,2022-12-09 20:36:08 UTC
30Sa0PLquFg,2022-12-09 10:54:06 UTC
4Mc0kwROHRU,2022-12-09 02:47:37 UTC
DIb18m3kSKo,2022-12-08 20:43:03 UTC
Y1YgnpYyQfc,2022-12-08 20:31:25 UTC
BJy8oqOC17o,2022-12-07 23:54:57 UTC
YEgDFkXK3vw,2022-12-07 11:31:02 UTC
4l_SNmQUNcw,2022-12-06 01:31:12 UTC
G4CWFNKvGsM,2022-12-05 16:52:51 UTC
9YsH7QFy6kM,2022-12-05 14:27:18 UTC
M9OzAYiAsoc,2022-12-05 14:02:41 UTC
FUN-Qf6ZDnA,2022-12-04 13:58:06 UTC
RW2UG8XHP_Q,2022-12-04 13:50:34 UTC
VvJS5HY_z-s,2022-12-01 18:11:03 UTC
O8b2Su2L4hI,2022-12-01 16:48:59 UTC
Ahvll7gl5oc,2022-12-01 16:42:40 UTC
5S0-1muQa1Y,2022-12-01 07:32:42 UTC
pvKx712sWBQ,2022-12-01 02:24:21 UTC
4bibfsR93ZU,2022-12-01 01:26:07 UTC
gsorMU62b_A,2022-12-01 00:10:55 UTC
E3NZZehKwTs,2022-11-30 19:57:11 UTC
9Jd0A8vERN0,2022-11-30 19:46:03 UTC
6e00Uh46wAc,2022-11-30 19:40:24 UTC
bcEwuZKBuxY,2022-11-30 19:25:25 UTC
ZIfothwfBoc,2022-11-30 14:51:27 UTC
eeHZmi3tYnE,2022-11-30 14:38:40 UTC
kI2ogb6DfrY,2022-11-30 14:34:04 UTC
jevCz_b-Dj0,2022-11-30 14:01:48 UTC
_tXFFaThTMQ,2022-11-30 13:59:48 UTC
uIFz_1Hi2uA,2022-11-30 13:59:09 UTC
fPP7CMtOsiw,2022-11-30 13:57:08 UTC
VsjO9vMOEq4,2022-11-30 13:53:46 UTC
fJ2mejuwZkI,2022-11-30 13:37:58 UTC
6FtS7QoDwoc,2022-11-30 13:35:57 UTC
H-d3q8V94s0,2022-11-30 13:34:56 UTC
6bNH-UdUO-Y,2022-11-30 13:27:04 UTC
HzL-g5qa4wM,2022-11-30 13:15:36 UTC
MHsOcL1QOgI,2022-11-30 12:58:59 UTC
6jQOVBVsYIQ,2022-11-30 07:47:53 UTC
naOi8cl5p5g,2022-11-30 07:36:54 UTC
QbktBWo6vg4,2022-11-30 07:32:39 UTC
jHSc7kHC-4E,2022-11-30 07:23:12 UTC
UDz_oNfAXSE,2022-11-30 07:13:42 UTC
AmeYY-hp0jg,2022-11-29 23:26:47 UTC
iExXWOh4mQo,2022-11-29 23:22:48 UTC
7TMRExCiyJk,2022-11-29 18:23:46 UTC
qSeKbY6Y2FE,2022-11-29 18:20:45 UTC
VR2tkWHonPc,2022-11-29 18:15:56 UTC
4OMD6K9CBWA,2022-11-29 17:40:05 UTC
dcLBIsIsC9U,2022-11-29 17:36:13 UTC
ov6W4PAm_-c,2022-11-29 17:19:28 UTC
jlO0lkSrGkU,2022-11-29 07:10:20 UTC
caoMSyL0beo,2022-11-27 19:30:10 UTC
967SiPwWXV0,2022-11-27 17:07:19 UTC
lzLxy2GOi4E,2022-11-27 12:28:22 UTC
CYMoyEeSVCE,2022-11-26 23:23:56 UTC
oHg87gxpdJE,2022-11-26 23:13:37 UTC
E8bSqGswjDk,2022-11-26 16:26:20 UTC
quuhj_fU5ro,2022-11-25 04:28:10 UTC
3IXPBPSNWQU,2022-11-25 04:26:41 UTC
AQn0cHKCOHk,2022-11-25 04:22:02 UTC
gX_zxEIjJUw,2022-11-25 03:56:33 UTC
HJsDinaiUCs,2022-11-24 16:09:06 UTC
1SC9fBElwVc,2022-11-24 15:31:35 UTC
Lxo7hjlDbAQ,2022-11-24 07:43:52 UTC
XFpsYnnjPp4,2022-11-24 07:43:07 UTC
SmnEsr-6MXc,2022-11-24 07:42:34 UTC
LECZbJO06Yo,2022-11-24 07:40:43 UTC
FZt_1ey5PFo,2022-11-24 07:34:27 UTC
Q7WcpgrJb2Y,2022-11-24 07:30:18 UTC
b223eia0yDg,2022-11-23 22:54:45 UTC
EGM6hzIlNoE,2022-11-23 22:29:40 UTC
QYdAA3fGbVc,2022-11-23 21:17:28 UTC
xN5iXoFYSek,2022-11-23 21:15:23 UTC
oH1bLWdONUE,2022-11-23 21:12:15 UTC
2m1J1Nl-tg4,2022-11-21 08:58:36 UTC
F3r3paX5F08,2022-11-12 12:35:22 UTC
QsPJ360ihnE,2022-11-12 01:50:15 UTC
V_9eENl1Dac,2022-11-12 01:30:42 UTC
ErtOGpf_IYs,2022-11-12 01:16:42 UTC
V5AjWdLGJ2w,2022-11-11 18:35:16 UTC
N6IC80LfrNs,2022-11-11 15:57:11 UTC
Bv1QK7sb9W8,2022-11-11 12:55:20 UTC
tpchDQB-jZY,2022-11-11 08:55:12 UTC
UYl6lCZr59U,2022-11-10 13:53:24 UTC
ef23mGjMYkw,2022-11-10 13:37:07 UTC
Yh-GHRx24hM,2022-11-09 22:13:11 UTC
cLRYUioLRRY,2022-11-09 22:03:31 UTC
br0lXBiv3LA,2022-11-09 20:34:36 UTC
F8TAvLtf2cI,2022-11-09 09:47:38 UTC
OfPbVB6o17Q,2022-11-09 05:14:29 UTC
J2J0WNFGJ0k,2022-11-09 05:10:58 UTC
lX_dm39fkfw,2022-11-09 04:53:14 UTC
JE-MskVJDl0,2022-11-09 04:50:46 UTC
csFXelh5OMo,2022-11-08 22:50:23 UTC
9tpqYU_On84,2022-11-08 11:29:56 UTC
pqFOOMvf8QA,2022-11-08 11:24:33 UTC
04bg9IC9N6w,2022-11-08 00:58:08 UTC
DfzMatL3i1I,2022-11-08 00:00:24 UTC
i9b0KLPnCcg,2022-11-07 17:02:14 UTC
JxNGCrMuiTc,2022-11-07 14:21:36 UTC
LVkE0KsjwL8,2022-11-07 03:03:08 UTC
Dr_n6WAMH7w,2022-11-07 02:59:55 UTC
PRtXxmYsFmE,2022-11-07 01:36:00 UTC
9WbFWSagePI,2022-11-06 19:05:30 UTC
vZWPee66M1s,2022-11-06 15:53:46 UTC
hZPs8GpZj7c,2022-11-06 14:51:48 UTC
PcD9SEB_vt0,2022-11-03 00:46:20 UTC
tZgH72SQfNA,2022-10-31 23:58:14 UTC
tvDf3cwsDLo,2022-10-31 23:39:34 UTC
xXo-ZtmvNHw,2022-10-30 18:26:52 UTC
m9RDgE8CnsY,2022-10-27 20:09:07 UTC
Wi9SfKdzMbY,2022-10-27 20:02:26 UTC
tVzfjmOHNI0,2022-10-27 14:14:27 UTC
VRTDJQ0v1lM,2022-10-27 14:13:39 UTC
38FCxpgINq8,2022-10-27 12:07:54 UTC
9fedvlsFodc,2022-10-26 06:06:20 UTC
VZF8TgMj4bU,2022-10-26 05:56:02 UTC
IX-6XIYIZx4,2022-10-25 17:19:35 UTC
9HVy2roLEJ4,2022-10-25 01:55:02 UTC
GOq6ktKFa0E,2022-10-23 23:55:42 UTC
HhnlucSRfdQ,2022-10-23 23:52:18 UTC
ndTktsXlN7w,2022-10-23 23:28:39 UTC
 -XOXjvSxBpQ,2022-10-23 18:28:33 UTC
pwZf0GmeR_I,2022-10-22 21:11:22 UTC
zHEIJ_bW35M,2022-10-22 16:32:16 UTC
gS8sv3pXz6M,2022-10-21 01:17:57 UTC
Cl4983-ffRA,2022-10-19 12:30:10 UTC
rIOYEoWI5aw,2022-10-19 09:42:47 UTC
qX1vJLyAHNY,2022-10-18 17:58:49 UTC
qyE6NA1FJ8w,2022-10-18 12:59:46 UTC
UWEjxkkB8Xs,2022-10-18 07:41:23 UTC
H2tEESvlo4M,2022-10-18 06:38:13 UTC
ucgbdpabE-c,2022-10-18 06:12:54 UTC
65mobnS8Spw,2022-10-16 18:15:01 UTC
K4I2KBMBNFo,2022-10-16 18:11:33 UTC
7FoC5lc2q74,2022-10-16 13:01:47 UTC
jWAOTZ6CnSs,2022-10-16 12:57:28 UTC
JwSwZ0G1kng,2022-10-16 00:24:35 UTC
8KrUTxcUMxQ,2022-10-15 23:36:16 UTC
_T6_rcWPsXI,2022-10-15 19:39:32 UTC
8k-pTn_tgCQ,2022-10-15 00:31:09 UTC
kVb7udKZS-s,2022-10-14 22:41:27 UTC
MSGD4XeObx4,2022-10-14 15:07:45 UTC
b3xPhesK-sE,2022-10-14 14:57:08 UTC
EkUJ1xvYq8I,2022-10-14 13:54:52 UTC
cmIIaBwBryk,2022-10-14 01:14:02 UTC
6kTPjzcCY7w,2022-10-13 18:22:15 UTC
k0NtfbYYwAs,2022-10-13 18:18:23 UTC
sHDGq8os1GQ,2022-10-13 18:05:40 UTC
UkQaTj2xu4M,2022-10-13 08:58:31 UTC
4uDX3gBBS84,2022-10-12 20:11:12 UTC
ey-RvR80Uu8,2022-10-12 05:53:49 UTC
 -HCZTerDjnM,2022-10-12 05:52:54 UTC
8D45ugYOT7U,2022-10-12 04:23:39 UTC
ut4b-iRQrh8,2022-10-12 03:24:33 UTC
HIWdNo_jfZk,2022-10-11 05:14:34 UTC
MaMWrt7kyDc,2022-10-11 04:49:53 UTC
O6i8_G_zItM,2022-10-10 06:23:42 UTC
6zgEzpCdSCs,2022-10-09 02:35:30 UTC
_OlVT18hG6c,2022-10-09 01:49:52 UTC
oEqapZOnyJ8,2022-10-08 23:26:32 UTC
NtTc8dZKkH0,2022-10-07 21:28:24 UTC
dYawEW-2Om4,2022-10-07 14:08:32 UTC
7JH2oNI3KDk,2022-10-06 21:13:03 UTC
GqTnqXLN7jI,2022-10-06 18:07:18 UTC
61n7npt8i1I,2022-10-04 05:30:26 UTC
qkxhab6hzco,2022-10-03 08:17:52 UTC
WYZF2uIAwss,2022-10-03 02:19:48 UTC
gPVRHRY2Zp4,2022-10-03 02:16:22 UTC
hRxcTAjmDmo,2022-10-03 01:45:34 UTC
45CixYalWhE,2022-10-02 18:42:43 UTC
tq-f20EAXuI,2022-10-02 05:20:46 UTC
fLQqFpviC2w,2022-10-01 19:06:47 UTC
TPd55xY1Alo,2022-10-01 06:50:50 UTC
m_SmL4zcMk8,2022-10-01 06:46:34 UTC
lECXbgcm77s,2022-10-01 06:13:48 UTC
AdR6Ev1gXDU,2022-10-01 05:59:03 UTC
cVKWKsn-_7o,2022-09-30 03:33:54 UTC
hkmqlFqveOk,2022-09-28 10:11:45 UTC
3cQarWt9Z5Y,2022-09-28 10:04:42 UTC
olqj8en3dTQ,2022-09-28 00:54:24 UTC
fKQjkIMObjE,2022-09-28 00:50:56 UTC
xyNN4L-urLg,2022-09-27 22:45:29 UTC
rz5q2cM8XgY,2022-09-27 10:58:23 UTC
t3xxScrT-cQ,2022-09-26 19:03:09 UTC
pVe4nMDr8VY,2022-09-26 18:01:47 UTC
oS10Wr6N8f0,2022-09-25 22:36:01 UTC
mue6Did6fkA,2022-09-23 15:49:40 UTC
_ZlRaUCSrtA,2022-09-22 12:18:39 UTC
T_S4OKD43wY,2022-09-19 00:36:39 UTC
O5ZfU1Ocn9I,2022-09-18 00:30:58 UTC
d5xXt4zQIKw,2022-09-17 14:11:28 UTC
5A2pzHbe1Qw,2022-09-15 19:03:28 UTC
qPt4QTQQrhU,2022-09-15 19:01:19 UTC
0FTaHNE6F3k,2022-09-13 23:35:19 UTC
RxlFk3_h19A,2022-09-13 03:54:21 UTC
2JfCkRLoNQI,2022-09-13 00:08:11 UTC
wE8jTuCgd2Q,2022-09-12 09:39:04 UTC
iPhT5B_pM3k,2022-09-12 00:34:54 UTC
v13dJuYJOlo,2022-09-11 21:51:21 UTC
MqEi_QycrYk,2022-09-11 21:40:17 UTC
wvZBeDXYcec,2022-09-08 23:55:54 UTC
Qv_hi0mQr0s,2022-09-07 12:37:35 UTC
QFVFXVfSpo4,2022-09-04 19:01:25 UTC
bMFyoGSr3CU,2022-09-04 09:54:55 UTC
TwxyR1nNGl4,2022-09-03 22:27:51 UTC
q4mIgb8Rkmw,2022-09-03 10:22:49 UTC
MwjEt_RqglI,2022-09-02 22:41:23 UTC
f822Rlo9zF0,2022-09-02 22:26:48 UTC
UOpsqVvvamY,2022-09-02 22:25:15 UTC
r-yklLSWmhg,2022-09-02 22:04:25 UTC
qjxkcKgrsbU,2022-09-02 11:51:50 UTC
OT4MMAoFjiQ,2022-09-01 16:30:00 UTC
Bn6ojjQQ_ZI,2022-09-01 02:28:50 UTC
c9FhZaTCI-I,2022-09-01 00:24:18 UTC
RKMyW4cMecw,2022-08-31 23:34:14 UTC
fG_GxqnIB7I,2022-08-30 23:01:21 UTC
w0fTF0EB4hM,2022-08-30 22:56:30 UTC
VVPyAU4l-sw,2022-08-30 20:23:15 UTC
wgnErHCSOIQ,2022-08-30 18:05:20 UTC
5d6uCZJz2XE,2022-08-30 09:16:06 UTC
z0dFE5V3bgk,2022-08-30 09:15:04 UTC
p0gdZ04LF40,2022-08-25 06:49:54 UTC
6ddctGd5KQ8,2022-08-25 06:48:39 UTC
1fvogUMmVgc,2022-08-25 06:48:15 UTC
PaSboLWHjmI,2022-08-24 18:51:54 UTC
fdH3l3tYizA,2022-08-24 01:00:31 UTC
tE4GQSz2Wn4,2022-08-21 21:22:32 UTC
NGlhV4pbKtQ,2022-08-20 23:33:56 UTC
dHDsh8F7tfA,2022-08-20 06:01:44 UTC
RDjHbNKPP3U,2022-08-18 17:25:36 UTC
18-4Fb0gK7g,2022-08-18 17:08:55 UTC
C-LY7J-97IU,2022-08-18 12:14:06 UTC
Y4pHuq1JxVc,2022-08-17 08:27:12 UTC
l3t4Tpzmn_Y,2022-08-17 03:55:44 UTC
zlJmloHE4kQ,2022-08-16 18:54:49 UTC
9YDbnhLLTHw,2022-08-16 02:23:50 UTC
UrpW0ed4Gj8,2022-08-16 02:20:39 UTC
yHxSAYwkp3w,2022-08-14 21:57:47 UTC
J0JLv5VGhVA,2022-08-14 20:19:46 UTC
5ZFjSXkOglc,2022-08-14 20:18:30 UTC
sqcAdIzbN1o,2022-08-14 15:52:28 UTC
Sq6OXIaHLcM,2022-08-14 15:11:31 UTC
LL2XUTeoUsM,2022-08-13 21:40:07 UTC
Oxa7Ae2Zj0o,2022-08-13 00:56:21 UTC
53ff_ubnyc4,2022-08-12 21:05:21 UTC
YYhZeII_kX4,2022-08-11 00:39:19 UTC
2ibx8DjLj_w,2022-08-10 15:36:25 UTC
K1Dx8MxZOSM,2022-08-10 12:23:11 UTC
3U1qguj_bSQ,2022-08-09 00:41:22 UTC
KsSoCD8KC4I,2022-08-07 19:46:42 UTC
PvTI3vXVqLM,2022-08-06 13:36:04 UTC
DPiOEjjIKlg,2022-08-03 22:50:55 UTC
6FtlsUdE8jk,2022-08-01 22:15:06 UTC
UrUFKKQQnlQ,2022-08-01 20:45:59 UTC
YlbWAbs-98M,2022-08-01 12:58:12 UTC
rsDEOi_yQX8,2022-07-31 21:21:37 UTC
ODBzfjx0Ylc,2022-07-31 12:18:44 UTC
E5MwmTobHlE,2022-07-30 01:26:38 UTC
KUO6kESnCfM,2022-07-29 18:17:43 UTC
VIVdx4ECAUE,2022-07-29 14:08:34 UTC
czrNYxbZnoI,2022-07-29 07:05:43 UTC
r6FxRcXmfgY,2022-07-29 01:10:41 UTC
fhwoIQTKCyE,2022-07-26 15:17:38 UTC
UnXaJw6zDhg,2022-07-24 20:34:48 UTC
-4zpWkuTIxk,2022-07-24 20:31:45 UTC
sXzQjxPnIzQ,2022-07-21 18:53:34 UTC
NTv4KdHPVck,2022-07-21 18:48:45 UTC
eVRj0GJOgSw,2022-07-19 15:00:18 UTC
HGOqyMmV1w4,2022-07-18 13:18:35 UTC
WC6K8tpAC_8,2022-07-18 00:35:54 UTC
8OC497kP0YY,2022-07-17 03:12:44 UTC
Kjc_Z7ymHMg,2022-07-17 03:06:50 UTC
ckIsW3chKf0,2022-07-17 02:15:22 UTC
h5QumS5e-XA,2022-07-17 00:12:46 UTC
uwvcSPLV8iU,2022-07-15 10:30:17 UTC
uBVQ7aH4jQY,2022-07-15 02:34:23 UTC
pL11UQRROVA,2022-07-09 23:33:17 UTC
bpkBz0bAaxQ,2022-07-09 05:57:46 UTC
aDUUCkIZdFU,2022-07-07 22:57:51 UTC
zNbPjCubeQY,2022-07-07 02:14:54 UTC
l7zwO8UduGE,2022-07-07 01:39:43 UTC
bIRqdmWU-NM,2022-07-07 01:24:46 UTC
Lw7o363SmPE,2022-07-06 22:01:07 UTC
FUkqjk0_WUA,2022-07-06 21:59:10 UTC
CliPCR5bUfg,2022-07-06 13:42:55 UTC
rlRmskB25rs,2022-07-06 13:10:01 UTC
ItuRIOVTB84,2022-07-05 10:29:17 UTC
iSiU2E69HtQ,2022-07-05 02:04:38 UTC
DAzfmiWr_U8,2022-07-04 23:37:26 UTC
GC12vH-YitU,2022-07-04 10:13:42 UTC
U3DGEfkVFv8,2022-07-04 10:00:23 UTC
TdVrOzXkcd8,2022-07-04 01:20:59 UTC
imOwPc8Iocc,2022-07-02 23:44:51 UTC
8di3olfNCCM,2022-07-02 00:00:53 UTC
2isn4bam3Tw,2022-07-01 23:32:56 UTC
6c16SF_-GC4,2022-07-01 20:27:20 UTC
HVm-IbsmdP4,2022-07-01 07:02:50 UTC
toBla7jT-14,2022-07-01 05:05:40 UTC
11JITPeYAWs,2022-07-01 00:07:09 UTC
FL3nBRdkHPE,2022-06-30 01:44:41 UTC
NTHBk23bTtA,2022-06-29 18:37:00 UTC
iUKjuni-6l8,2022-06-29 07:41:05 UTC
8iOJfSH5j1M,2022-06-29 02:04:46 UTC
P0e7BILRox8,2022-06-29 01:42:16 UTC
vMMwEj-8Hk4,2022-06-29 01:40:33 UTC
dpPw4LAiRN0,2022-06-29 01:38:35 UTC
vloob3PI_14,2022-06-29 01:36:34 UTC
iT6HzCwgfvU,2022-06-29 01:36:11 UTC
1XVwm_JlHdE,2022-06-29 01:33:31 UTC
hD_71MFubgo,2022-06-29 01:32:03 UTC
gvqMohRQ11Q,2022-06-28 23:36:07 UTC
3oNyzEPRsoY,2022-06-28 21:35:38 UTC
ehaOeRguKlk,2022-06-28 00:29:16 UTC
5ofh_S52Uks,2022-06-28 00:09:24 UTC
Y2mBZIxdEN8,2022-06-27 22:32:09 UTC
Z1mUowuFULI,2022-06-27 22:29:53 UTC
jp9Ex9yZqxk,2022-06-27 22:18:04 UTC
JafuJBYnFAo,2022-06-27 09:42:57 UTC
nPwLqV1kHFs,2022-06-25 22:54:02 UTC
blJ3xtUyW-o,2022-06-25 22:53:14 UTC
7LbcbO_2qtQ,2022-06-25 22:51:48 UTC
biisw241SQA,2022-06-25 22:49:30 UTC
v8dDtrzkGMM,2022-06-25 22:47:10 UTC
dj9k8Xw_xBY,2022-06-25 20:16:25 UTC
zmn_7wr0Pk4,2022-06-25 14:34:02 UTC
Elzx-e6zF3M,2022-06-25 02:33:45 UTC
1EdL_TLbHsg,2022-06-24 23:43:06 UTC
qd0rM0yCBwA,2022-06-24 20:34:12 UTC
yrEHgOEZ4_E,2022-06-24 20:06:41 UTC
WG9NM8SdiiA,2022-06-24 12:33:10 UTC
remsCdsLLJM,2022-06-23 16:00:10 UTC
VK7C7GMY-pI,2022-06-23 01:27:23 UTC
5__x8Fg0sJ0,2022-06-22 15:46:30 UTC
R5VXp31ywCc,2022-06-22 15:41:17 UTC
Pf7YyoHw7Qk,2022-06-22 15:39:57 UTC
0cWCeos1HIY,2022-06-22 02:41:42 UTC
gS1_EaDqCNM,2022-06-21 20:52:27 UTC
mUpj6l2WgkM,2022-06-19 20:59:04 UTC
7Es7WynExlM,2022-06-19 20:22:02 UTC
FUF9SuHrnSY,2022-06-19 14:42:55 UTC
zJ_x3UX8cDA,2022-06-19 12:44:02 UTC
GlQJvuU7Z_8,2022-06-18 19:43:17 UTC
0dl9g0mOctY,2022-06-18 15:40:30 UTC
JQptIZkcIbs,2022-06-17 23:49:13 UTC
bpQ6NKiby-o,2022-06-17 22:56:44 UTC
MiADH_zh8Vo,2022-06-17 22:31:42 UTC
tTG7s7q_4jg,2022-06-17 22:26:07 UTC
19qNf0bBfkA,2022-06-16 22:11:48 UTC
KIzZEbbItA4,2022-06-16 17:08:01 UTC
fMoVoVNXsjQ,2022-06-16 15:43:27 UTC
VZe-Eyeif1A,2022-06-15 22:17:42 UTC
ZhLEolI4yXk,2022-06-15 21:01:45 UTC
FKDEpSo1wOI,2022-06-15 14:22:58 UTC
JYK8fOVKQVc,2022-06-15 00:39:02 UTC
O4EckeqomJk,2022-06-12 20:20:19 UTC
RdtylBSERfA,2022-06-12 19:53:17 UTC
826RaS1oR4M,2022-06-11 03:07:02 UTC
RRjzuN9FkhA,2022-06-11 03:01:42 UTC
qi8GMXDW0lQ,2022-06-11 03:00:08 UTC
 -R_bkSDTDSE,2022-06-11 02:43:26 UTC
4OA6fxYaQAU,2022-06-09 15:29:44 UTC
Yykwz63JYRw,2022-06-09 13:38:48 UTC
spDbteQAlbE,2022-06-07 15:16:59 UTC
69EZtf3Rqno,2022-06-06 23:37:37 UTC
tMzLHWpaQqI,2022-06-06 19:00:57 UTC
oazI_zsrlko,2022-06-05 22:00:49 UTC
njC9ItelCrw,2022-06-05 21:22:28 UTC
T8D7LScGLXA,2022-06-05 19:30:13 UTC
8DDc1UJqMWM,2022-06-05 19:29:24 UTC
z_ST7ZSmzGU,2022-06-05 19:21:53 UTC
6gaE8SnsHVU,2022-06-05 17:51:45 UTC
CxzQYVSMsgw,2022-06-05 17:47:48 UTC
MM21cGQUOTg,2022-06-05 16:23:02 UTC
Jx4ehUnCS_s,2022-06-05 14:52:54 UTC
aUUaok4WDlI,2022-06-05 10:10:21 UTC
V-Q-XBoaFBQ,2022-06-04 22:33:07 UTC
LXzqMg5G0Qo,2022-06-04 22:22:36 UTC
5JamOBjwdYY,2022-06-04 22:12:27 UTC
 -RVRAVwbeFg,2022-06-04 22:10:58 UTC
a8DiIQ-lHqI,2022-06-04 22:09:39 UTC
NE6mYHTaDSs,2022-06-04 22:08:03 UTC
XF11djooATU,2022-06-04 22:05:48 UTC
lKNUyfgoQ-4,2022-06-04 22:02:23 UTC
zXUtsft0Z74,2022-06-04 21:47:00 UTC
cCh_ZhGezIg,2022-06-04 21:32:32 UTC
kBNj3VkouIE,2022-06-04 21:31:30 UTC
2noUUy_Azoc,2022-06-04 21:28:54 UTC
SnVPYeaK8bM,2022-06-03 02:59:04 UTC
XApSKRz-aAQ,2022-06-03 02:49:29 UTC
UJyJbMxnwIM,2022-06-02 21:46:23 UTC
s7t3t9xJsPU,2022-05-28 16:45:33 UTC
M3rQMVoiclc,2022-05-26 20:13:41 UTC
siMGGxX3BDY,2022-05-23 14:40:35 UTC
tKk_e_-b7z8,2022-05-22 23:37:20 UTC
AnNPHtu6mWs,2022-05-21 15:23:05 UTC
3bm1XWMOze0,2022-05-21 14:56:54 UTC
xLfO738Ok5Y,2022-05-19 22:53:15 UTC
KAbG-K3wKag,2022-05-17 20:51:29 UTC
VCE0vykXLM4,2022-05-15 13:50:33 UTC
hhEsIlpQ6v4,2022-05-15 12:38:59 UTC
s5bd9KMSSW4,2022-05-15 12:06:00 UTC
00XTrJIjsZA,2022-05-13 20:03:58 UTC
Y63nCsA2sxY,2022-05-11 02:09:09 UTC
A6U5esmhTWg,2022-05-10 12:18:42 UTC
RMv5fO_SNa0,2022-05-10 11:41:15 UTC
7NLAAnYKcrM,2022-05-10 09:09:39 UTC
KMQo_w2Azvc,2022-05-06 05:15:20 UTC
vOgpNjeh1EA,2022-04-30 23:40:35 UTC
fF_XsAHNP0w,2022-04-30 15:04:39 UTC
1Y5ZYwLlFnA,2022-04-18 16:11:39 UTC
UN2ntj_q3Vg,2022-04-18 15:44:00 UTC
MWbzW7kU6mY,2022-04-11 06:46:05 UTC
OwQ3fW0dgNo,2022-04-10 12:32:19 UTC
FsrWNtztGak,2022-04-09 22:45:32 UTC
vdyX9nJ8XlE,2022-04-09 20:03:35 UTC
4qBHbdYOZvE,2022-04-09 14:48:47 UTC
gnX2oHlxRTk,2022-04-09 14:38:52 UTC
nT25wQEWqnU,2022-04-09 14:03:35 UTC
ePsUzpYLxW4,2022-04-09 12:49:37 UTC
YAy-2-05gH4,2022-04-09 12:24:32 UTC
_sgjc29QCGo,2022-04-07 22:23:48 UTC
g1OVBM8ffkA,2022-04-07 22:17:36 UTC
MPYUeiodqag,2022-04-07 12:33:05 UTC
o_s5y9Ls83Q,2022-04-03 17:22:03 UTC
fQe-gLPWl1w,2022-04-03 13:10:47 UTC
D_bhQ2CiGfM,2022-04-02 15:27:15 UTC
cSHKsFBytM0,2022-04-02 09:54:45 UTC
Cfb2xdApouo,2022-03-30 14:34:59 UTC
HARVCGqWKzo,2022-03-30 12:34:30 UTC
7pyW9nWwbpI,2022-03-30 02:49:01 UTC
6JhgLZ4chJQ,2022-03-29 12:06:21 UTC
2jEkC1Rdmbk,2022-03-28 18:33:28 UTC
r4vrGrBNSSc,2022-03-28 18:30:08 UTC
Gay2cHWz254,2022-03-21 23:49:30 UTC
BbpnsIljETk,2022-03-20 04:37:46 UTC
ZPTo2bLLFWs,2022-03-19 22:22:33 UTC
qihn8lMLxl0,2022-03-18 21:52:43 UTC
_0VrDnlPhTI,2022-03-18 19:11:49 UTC
7ALmfPg2Fko,2022-03-18 19:02:45 UTC
3q0b_S_YwsE,2022-03-18 18:49:31 UTC
ImDRruVDCvA,2022-03-17 12:32:10 UTC
xOJxB5Yx1w4,2022-03-17 04:10:43 UTC
DV2y4B4ooqk,2022-03-17 00:25:11 UTC
KIgZl-O_veo,2022-03-15 03:10:56 UTC
V8viGuG6K34,2022-03-13 17:56:22 UTC
EaOLeh5TLbo,2022-03-12 23:19:53 UTC
um1SK1Eu6qI,2022-03-12 21:22:05 UTC
9MRyv-o0Vuw,2022-03-12 21:16:56 UTC
nEq8kapVnoc,2022-03-12 18:27:52 UTC
VEbqKECKuyQ,2022-03-12 18:23:28 UTC
eGc5D6vAXu0,2022-03-11 13:00:44 UTC
9vdS4ifJ4IA,2022-03-11 11:37:53 UTC
Hf-Jqs7UfQE,2022-03-11 10:57:31 UTC
m_Ncwk8NAdY,2022-03-10 15:02:04 UTC
7HHFH2oQxNA,2022-03-10 13:01:34 UTC
PkALtunExso,2022-03-10 12:18:22 UTC
_qbKDl5HF_w,2022-03-10 12:15:11 UTC
l-Xc-c3tycA,2022-03-09 08:16:06 UTC
4x1alx0GQnM,2022-03-09 08:14:16 UTC
n8kCi_-7M9I,2022-03-08 03:20:24 UTC
g27tqQril_k,2022-03-08 02:57:53 UTC
EU7I5E3ICFI,2022-03-08 02:45:48 UTC
KpWeYWgfTI4,2022-03-07 14:16:34 UTC
7bw6gI2BXdQ,2022-03-07 03:39:48 UTC
gnS0y9acfqM,2022-03-06 17:47:14 UTC
g4eBmKRvQCg,2022-03-06 16:58:44 UTC
m1uxZ6F4yok,2022-03-05 23:38:58 UTC
QUsCmU4gD3I,2022-03-05 13:06:44 UTC
Sk63WENHssA,2022-03-05 03:31:40 UTC
w8_dVekpn70,2022-03-04 22:49:25 UTC
Eb2rPnCFqx8,2022-03-03 21:00:30 UTC
8LUZyBR4E5Y,2022-03-03 16:39:43 UTC
Kj9tskz2aXA,2022-03-03 16:38:44 UTC
XFFlkjm9i4A,2022-03-03 16:37:54 UTC
TjMELWfjynw,2022-03-03 16:31:25 UTC
B8xX154EX6E,2022-03-03 16:30:19 UTC
mB-wykz6sZg,2022-03-03 16:25:18 UTC
KfLtV-AuQOk,2022-03-03 16:22:03 UTC
_Ow7uXCSXBs,2022-03-03 15:46:47 UTC
o5AT-jPvn3U,2022-03-03 13:22:57 UTC
EKu2qsQKSuE,2022-03-03 13:17:32 UTC
lo_XJL4UqKk,2022-03-03 04:43:53 UTC
jkKQbYLIen8,2022-03-02 14:58:52 UTC
4wHpuGx9gfk,2022-03-02 01:24:12 UTC
nVI-cCZTwa8,2022-03-01 13:25:35 UTC
cLrI2SVd2q0,2022-02-28 18:32:33 UTC
Oo7rQNyIBfw,2022-02-28 00:15:17 UTC
O2NL1YlbZqY,2022-02-26 21:01:48 UTC
wT3UFSmP8vw,2022-02-26 13:14:32 UTC
VtOx6dW_0vU,2022-02-24 16:23:47 UTC
iC0-gXUpMa0,2022-02-24 13:02:56 UTC
rDGqBJNU6t0,2022-02-23 13:07:25 UTC
lsCTeEQg3js,2022-02-23 12:53:11 UTC
ceqLxCvA8wg,2022-02-22 12:59:01 UTC
VOlQ0vvEBHE,2022-02-21 18:15:17 UTC
8e_z8GZwPAs,2022-02-20 13:05:49 UTC
1SaoVpI1emg,2022-02-19 16:43:22 UTC
WSdvEkStQOY,2022-02-19 10:57:20 UTC
QkAJQB0g_Hc,2022-02-19 10:56:17 UTC
GH-6FbY1EB4,2022-02-19 10:55:36 UTC
HMX0z8RWOt0,2022-02-19 10:37:19 UTC
l4UtR_5P3Nc,2022-02-19 09:26:09 UTC
VG4JlWPhsR4,2022-02-16 14:05:52 UTC
FrHjQHTExVs,2022-02-14 11:28:29 UTC
tRk28iN4acM,2022-02-12 19:47:27 UTC
 -lRR7DJIn6c,2022-02-11 04:57:02 UTC
13hHz_s4P3I,2022-02-10 20:34:48 UTC
8VH-4qHd3OQ,2022-02-10 08:08:57 UTC
cBp6KkHsZXs,2022-02-09 13:08:14 UTC
VgLzC5k1eAA,2022-02-09 11:50:29 UTC
yRjFKMxi0ic,2022-02-08 23:38:23 UTC
9g-SaTyMTZc,2022-02-08 10:44:38 UTC
lrH306MhCfU,2022-02-07 01:12:02 UTC
atZqRbpb5gg,2022-02-06 06:19:59 UTC
6kKobmkIr8Q,2022-02-05 12:13:57 UTC
E8n0rUv1JkI,2022-02-04 01:20:44 UTC
ZTfHa2DtJRM,2022-02-02 10:15:21 UTC
Sl88jzJK1Rs,2022-02-02 03:41:16 UTC
wZW5JSITjM8,2022-02-01 15:02:36 UTC
lKCHjRit7b4,2022-02-01 10:27:00 UTC
DVJu_Ni506k,2022-01-31 11:00:39 UTC
hmWlXEqs_pY,2022-01-29 20:53:06 UTC
mBIjbmckrCM,2022-01-29 18:17:12 UTC
HNTtomxTuaY,2022-01-29 18:12:36 UTC
YLff3HBJ9HY,2022-01-29 11:05:51 UTC
bPJT4p5GjMQ,2022-01-28 17:46:42 UTC
VlFWNZX7C_U,2022-01-27 14:49:19 UTC
3fQBBUFWgsE,2022-01-27 12:47:55 UTC
FCMuLjGJ9ds,2022-01-27 01:34:02 UTC
gWtLebgjlfE,2022-01-26 14:32:12 UTC
HXXJRCCtoCk,2022-01-26 13:11:09 UTC
8DurekENr-8,2022-01-24 22:28:05 UTC
njOvzPt0Tw4,2022-01-24 13:26:06 UTC
QRfcN01aqpU,2022-01-24 11:34:03 UTC
QiKQJohlC6A,2022-01-24 11:19:51 UTC
q9_dVFy3N60,2022-01-24 11:12:02 UTC
yXM29HqhJbE,2022-01-24 10:21:34 UTC
AaDFw8r22Us,2022-01-24 10:02:00 UTC
i9WXNc1TbqE,2022-01-23 15:32:08 UTC
0CmwaGWZYe0,2022-01-23 11:33:13 UTC
2L89lxG6tHQ,2022-01-23 11:19:35 UTC
kFI-m-8UP1s,2022-01-23 11:01:05 UTC
IpXO1wAnMLw,2022-01-23 10:42:41 UTC
1YAEunp-N2U,2022-01-23 10:20:02 UTC
G4-5ftPEAqo,2022-01-22 11:54:03 UTC
fdEVZVCFDhU,2022-01-21 11:34:48 UTC
NrUFoM4DUd0,2022-01-19 05:08:41 UTC
388dQ_0_lqc,2022-01-18 04:14:44 UTC
v1hgXlWlA98,2022-01-17 15:28:34 UTC
O3ulYoQ5EiY,2022-01-17 15:04:08 UTC
Ml-kXdxjCiw,2022-01-17 14:09:45 UTC
g6QKFY-x2j0,2022-01-17 13:03:55 UTC
D70kZDLGr4Q,2022-01-15 22:06:44 UTC
PgA049ttNEE,2022-01-15 21:53:15 UTC
Q17jn3afvdg,2022-01-15 17:35:53 UTC
AR1FAQURJa0,2022-01-15 17:31:03 UTC
_84fwQNUQio,2022-01-14 09:37:48 UTC
vjAUxqFNkHo,2022-01-14 01:34:51 UTC
uupRDQmenFw,2022-01-13 12:58:43 UTC
ja6W2NPovnk,2022-01-13 11:57:39 UTC
UVsfYjSHx34,2022-01-13 11:50:30 UTC
EaXYfAby7XY,2022-01-13 11:31:18 UTC
bsn61w18EsY,2022-01-13 11:20:29 UTC
zqScnfit_iY,2022-01-13 11:13:57 UTC
GFTVD0_MJxc,2022-01-13 11:01:07 UTC
pSj9y_TQbDw,2022-01-11 23:54:02 UTC
0dRcV2kPmDo,2022-01-11 15:47:13 UTC
tzoGTQXBATM,2022-01-09 23:59:57 UTC
GQrvoQiFgNE,2022-01-09 23:30:50 UTC
qr9vdrJfsYM,2022-01-09 23:05:46 UTC
hksS1aqtg30,2022-01-09 18:22:17 UTC
MfJt688GPxw,2022-01-01 14:22:41 UTC
x0vqGSLQpeI,2022-01-01 13:01:52 UTC
dxuqJwvTXGU,2021-12-30 07:06:41 UTC
zQVF7tgUnnM,2021-12-29 14:01:08 UTC
zNsMEP0i8aM,2021-12-27 08:38:13 UTC
QJ6IAouIyLA,2021-12-27 00:26:21 UTC
0Xvt66IyTM4,2021-12-27 00:22:47 UTC
zoM_2ejYNQE,2021-12-24 20:59:20 UTC
hYMw8KNPR7E,2021-12-23 18:06:56 UTC
4TqmUMUJYZY,2021-12-23 18:03:39 UTC
2NcDVYP-rl0,2021-12-23 02:17:57 UTC
9yua_Tp9Qx0,2021-12-23 02:16:40 UTC
iwwEF_avY2k,2021-12-21 07:00:13 UTC
u0X9W7OLHMs,2021-12-21 00:23:15 UTC
zqPMFQlffdU,2021-12-21 00:08:29 UTC
WSQVfqjiOvw,2021-12-21 00:05:43 UTC
qgM1pR-cCMo,2021-12-20 17:28:12 UTC
dcQSjbX1qeU,2021-12-19 22:22:35 UTC
UWfRQoGFV14,2021-12-19 18:03:52 UTC
1ShqLHLNxBY,2021-12-18 18:49:34 UTC
Bh9scdx0XAw,2021-12-15 00:25:55 UTC
Lpch4U1mSQc,2021-12-15 00:08:06 UTC
pZtudc-3nlg,2021-12-14 23:59:51 UTC
S1OSOUT-S-E,2021-12-14 23:54:45 UTC
77CBVy3f_bQ,2021-12-14 23:46:30 UTC
WK_nkZBNSAE,2021-12-14 23:42:26 UTC
Am0wr3WutTo,2021-12-14 22:33:24 UTC
iz9nsEjSS1o,2021-12-13 11:47:54 UTC
dCp8BKCepwE,2021-12-12 23:15:27 UTC
Cn1ZVUXSZ3Y,2021-12-12 11:54:50 UTC
Fe391POikzw,2021-12-12 06:42:06 UTC
EzGLk6B3hcw,2021-12-10 14:50:55 UTC
vVoMJSMgsUM,2021-12-10 03:44:51 UTC
dTtLS9Glug0,2021-12-09 14:23:21 UTC
ye-rVQhCfeU,2021-12-09 10:45:58 UTC
IrbH95rH4Tc,2021-12-09 05:27:12 UTC
eMhyvK1o58s,2021-12-09 01:38:04 UTC
KUXTYmCUMPI,2021-12-08 11:44:22 UTC
1OhWotcP6hE,2021-12-08 02:20:41 UTC
hrULrWsdZU8,2021-12-07 12:56:15 UTC
X5mCCXElWuw,2021-12-06 15:57:57 UTC
_qQnpzGuYjY,2021-12-06 11:51:29 UTC
VnQ0GKcV0d0,2021-12-06 08:41:45 UTC
tePGnipQ5Mk,2021-12-05 18:04:18 UTC
VHPmRWm-jnE,2021-12-05 17:26:34 UTC
gnEQ5a2dWeM,2021-12-05 15:54:25 UTC
VNfBTh2ktYE,2021-12-05 04:35:01 UTC
XQZLQ9VRw-4,2021-12-04 22:28:38 UTC
Z6mSZC69gIs,2021-12-04 22:26:57 UTC
zyY7NmbBz0A,2021-12-04 18:09:06 UTC
Rp4w324Jgco,2021-12-04 17:56:26 UTC
A6iy34zewmc,2021-12-04 17:50:59 UTC
zLjm8LCI3wg,2021-12-02 00:37:23 UTC
53I8zaX6CI8,2021-12-02 00:30:42 UTC
NRMskkoBbuM,2021-11-30 20:59:55 UTC
_fgxD7igaUk,2021-11-30 17:43:05 UTC
_ONTT92x0Ss,2021-11-30 14:15:25 UTC
9c-QTApbS3I,2021-11-29 03:07:46 UTC
xoD0WTYEBTc,2021-11-28 16:32:47 UTC
FIytpeUwxKs,2021-11-28 00:51:05 UTC
 -rTlNQN40Cg,2021-11-25 15:57:48 UTC
Fq6KSiI83xg,2021-11-25 15:32:32 UTC
QPzX12WAbpM,2021-11-24 23:11:55 UTC
Czu11HmhfAY,2021-11-24 21:21:58 UTC
aOcyMeuu4CM,2021-11-24 17:48:03 UTC
S1zRFTquf7g,2021-11-23 20:18:04 UTC
bN_5ZKFOU5c,2021-11-23 19:54:25 UTC
2FDpAoHQFbM,2021-11-23 19:49:23 UTC
VSpNJrppImg,2021-11-23 19:47:18 UTC
Mlq7yhNifDU,2021-11-23 12:46:41 UTC
or1i7r8lTgw,2021-11-23 12:25:28 UTC
sISd_DsM7M8,2021-11-23 08:35:23 UTC
oHQm2jhhw4c,2021-11-23 07:57:09 UTC
HZGmBKe0pOs,2021-11-22 19:31:19 UTC
LPjgT8-wMOw,2021-11-22 19:16:34 UTC
u8GdiMW4BL8,2021-11-22 18:54:32 UTC
e9Eqsi57jYA,2021-11-22 16:25:36 UTC
Qu1e9vBP-Ms,2021-11-22 16:19:36 UTC
XPBYpxz487I,2021-11-22 12:37:28 UTC
7t8pbXQ1RYM,2021-11-22 01:32:48 UTC
oJOFvBg3PSo,2021-11-21 14:37:32 UTC
5eay0TrX4AM,2021-11-21 14:28:18 UTC
D0C8V0_R2iw,2021-11-20 09:15:13 UTC
wtEEvs83UP8,2021-11-19 16:12:53 UTC
3C0LSBwzdGg,2021-11-17 12:28:44 UTC
P9sitVSEGlQ,2021-11-17 01:34:52 UTC
eJ3lhgK8pvo,2021-11-17 01:29:56 UTC
GNpVs1GgEP4,2021-11-17 01:27:56 UTC
qioF686p1bU,2021-11-17 01:17:29 UTC
aAamsk1YI2c,2021-11-16 14:36:10 UTC
Oj_YWuT899c,2021-11-15 14:09:34 UTC
hzG7thLPnBU,2021-11-15 13:50:28 UTC
erUksvfBgDA,2021-11-15 11:30:47 UTC
DIDWoghd-60,2021-11-15 05:16:50 UTC
 -E31P2tgDG4,2021-11-15 05:01:55 UTC
urnHgDpPH7A,2021-11-14 17:19:20 UTC
owsK7yRfog8,2021-11-14 14:41:14 UTC
DjpJco46BQg,2021-11-14 14:25:37 UTC
fnNTg4BvE4M,2021-11-14 14:19:50 UTC
NPrpC8TL81M,2021-11-14 13:39:31 UTC
yQf5yZ5Ysrg,2021-11-14 13:38:16 UTC
0LYU4TUaBxk,2021-11-14 06:05:09 UTC
3jZwb4D_-wU,2021-11-13 17:14:29 UTC
bDft7fpb3Mw,2021-11-13 17:06:05 UTC
G3K6uQsEcuQ,2021-11-13 16:28:57 UTC
wU5Za1s_WSQ,2021-11-13 15:56:48 UTC
PKIIdcUBRzE,2021-11-13 11:04:13 UTC
fuc6zLP4rZg,2021-11-11 13:43:26 UTC
zP-SsfzZAlc,2021-11-11 11:40:26 UTC
iT6w3cEkpm0,2021-11-11 11:19:22 UTC
gu10MrCX8Xo,2021-11-10 14:46:24 UTC
x4sW82Z5NME,2021-11-09 22:27:29 UTC
wiAwGXJp-U4,2021-11-09 13:18:16 UTC
ZAs6_n3Txm4,2021-11-09 13:17:44 UTC
YsNXQSD2C40,2021-11-09 13:17:13 UTC
jI8e50MwcbM,2021-11-08 19:44:56 UTC
H_cZuK0vVhY,2021-11-08 13:15:05 UTC
u3NmyRFh3Uc,2021-11-08 11:55:30 UTC
CgGGjeSC2Ew,2021-11-08 02:13:49 UTC
0fvJl7BhcO8,2021-11-08 02:02:03 UTC
Xy1lEBPFQD0,2021-11-08 02:00:32 UTC
qB-LtWi5Ku0,2021-11-08 01:56:45 UTC
Li7emNwLPaw,2021-11-07 23:12:58 UTC
XZKLvRdjVbc,2021-11-07 14:13:51 UTC
PtIu1Ja3oMM,2021-11-07 11:57:36 UTC
hCs9TiSbMkM,2021-11-06 11:46:45 UTC
0Hw5ab5rHRw,2021-11-06 11:34:33 UTC
ZM7rrXHNNPI,2021-11-06 06:45:20 UTC
r4-uq8cTF7o,2021-11-05 22:45:45 UTC
RKgWnI5xYAM,2021-11-05 22:40:48 UTC
fQvWMoOjmQk,2021-11-05 06:16:08 UTC
n8GfMnDytH8,2021-11-03 14:39:17 UTC
smsaBHA2Xyw,2021-11-03 00:46:34 UTC
CyjBmQ6LC6Q,2021-11-01 10:17:47 UTC
plV4keUyc-o,2021-11-01 00:47:10 UTC
v02mT37pm_8,2021-10-31 18:48:48 UTC
x5U0dfprrDA,2021-10-30 13:48:13 UTC
u1EwfanyqF4,2021-10-28 12:52:02 UTC
nt6KvcBAfyk,2021-10-27 21:38:58 UTC
IPPQdj6uZ04,2021-10-27 12:12:27 UTC
w7UVyGLk7nk,2021-10-27 11:32:23 UTC
OToIn70Lom4,2021-10-26 21:21:26 UTC
gn5MR70BKwc,2021-10-26 13:55:14 UTC
vPJdzRwCg1w,2021-10-25 13:47:48 UTC
BXK7OsjksvM,2021-10-25 00:39:49 UTC
fqW97koVGHc,2021-10-25 00:33:23 UTC
CRnDt8KToFk,2021-10-25 00:29:53 UTC
vHPR1gBvs3w,2021-10-25 00:22:20 UTC
6XfWr1_RpjY,2021-10-25 00:13:04 UTC
xhLfLAmb1S4,2021-10-24 14:25:38 UTC
TolhoILBn64,2021-10-24 12:46:39 UTC
un-prZi6Cwo,2021-10-22 03:09:38 UTC
9yG745iLCco,2021-10-21 17:11:42 UTC
W8qPOCJ1eQY,2021-10-21 01:19:20 UTC
hORF2IQN75w,2021-10-21 00:49:29 UTC
rJ4K0U533Hs,2021-10-21 00:45:08 UTC
IlD7XRVafPY,2021-10-21 00:37:33 UTC
nCBksKQKP6w,2021-10-21 00:35:01 UTC
QN-wnfJq4ts,2021-10-21 00:31:11 UTC
V7Sw9VLF-60,2021-10-21 00:23:02 UTC
7tqBCd72Pf4,2021-10-21 00:15:38 UTC
DbVDm2CCp0I,2021-10-20 23:56:58 UTC
Dg_G86e62SM,2021-10-20 23:45:02 UTC
YzSgXonr0X0,2021-10-20 23:26:00 UTC
kpv5kC5Dpbc,2021-10-20 22:44:38 UTC
NVXddfozUQ8,2021-10-20 22:00:54 UTC
LNFbMdjKf48,2021-10-20 21:50:56 UTC
CWKqDAxFQko,2021-10-20 21:47:21 UTC
i9IH4Z-0rfs,2021-10-20 21:44:27 UTC
0MsgnuU9Hr4,2021-10-20 21:27:43 UTC
V3br2OYN6II,2021-10-20 21:15:38 UTC
uqb819d7S1o,2021-10-20 09:57:34 UTC
 -EqJJpvSFX0,2021-10-19 07:36:56 UTC
fdQAUOMIgqQ,2021-10-19 06:06:10 UTC
zr5fxT399-w,2021-10-19 05:55:30 UTC
fzxx5D6HPuM,2021-10-18 20:49:34 UTC
HwweDQ4V25E,2021-10-18 20:36:48 UTC
II9OE_Vboz8,2021-10-18 10:18:54 UTC
eUsF8FKB25U,2021-10-18 00:18:15 UTC
 -WOcKA2XcHQ,2021-10-17 11:56:31 UTC
qlbJv3V9odY,2021-10-13 10:33:17 UTC
cKoMHJ0IzK0,2021-10-12 11:07:28 UTC
3FkazhGLbiY,2021-10-12 10:55:16 UTC
fe_QVzx2zaI,2021-10-10 16:15:47 UTC
yjd811cIGQ0,2021-10-10 16:03:37 UTC
J-xqshI74lY,2021-10-10 15:56:04 UTC
cO5fTlO0GN4,2021-10-10 07:55:57 UTC
uOAQft8LYsg,2021-10-10 07:37:15 UTC
Eq_wELID80c,2021-10-09 22:21:55 UTC
GukIoZ8d3Ew,2021-10-09 14:12:09 UTC
pUgXlw4sA78,2021-10-09 06:02:37 UTC
QtmwuVzFNjw,2021-10-09 05:52:19 UTC
EfsI7kQ7QxQ,2021-10-06 17:27:59 UTC
ANk7E4jUzJc,2021-10-06 08:17:25 UTC
TPfU5mH4oRs,2021-10-05 07:50:49 UTC
9gTuh3fwDUg,2021-10-04 11:52:56 UTC
RR30a3xv52g,2021-10-04 02:23:45 UTC
HG74Ei3bJc8,2021-10-04 02:22:30 UTC
_snt1nutvrI,2021-10-04 02:12:40 UTC
T9AZNWDhvwQ,2021-10-04 02:08:18 UTC
PLMHs_aMSyY,2021-10-02 09:11:24 UTC
ZwP6avt37nc,2021-10-01 02:16:45 UTC
4yVtiU7caUc,2021-09-29 10:10:53 UTC
ILoBXd2_mLs,2021-09-28 10:53:57 UTC
BK3sWaGU1bk,2021-09-27 12:26:31 UTC
-4cr9rRtyM8,2021-09-26 22:31:40 UTC
PTKkOQUpVWA,2021-09-26 22:02:48 UTC
SVtEGNkWm24,2021-09-26 18:57:01 UTC
gB9GGuy4Pao,2021-09-26 11:43:44 UTC
SQKOJvnC01Q,2021-09-26 04:57:55 UTC
nBIYXI6eMXM,2021-09-25 22:42:17 UTC
hOjUKDWpgOQ,2021-09-25 22:27:34 UTC
QB45F4zRE3A,2021-09-25 22:01:29 UTC
YJGZp54h1uI,2021-09-25 02:09:28 UTC
OOOU8QqoDwg,2021-09-22 03:03:03 UTC
P96axzkWnNY,2021-09-09 17:14:54 UTC
pUpAcPAipDA,2021-09-09 17:12:08 UTC
cTuTrpWCZhU,2021-08-30 22:35:53 UTC
CXQZGxaIc3M,2021-08-30 22:31:52 UTC
DeMyDfGnrzQ,2021-08-30 22:26:53 UTC
E1v8F2tYKT0,2021-08-27 13:53:18 UTC
yI4_Rt6Mhdc,2021-08-26 16:29:43 UTC
AL2NLiH36SU,2021-08-23 01:17:54 UTC
ARo6CHR3G0M,2021-08-22 19:51:18 UTC
3-wsedRMfK0,2021-08-22 19:16:32 UTC
XfKgBWL-o7k,2021-08-21 21:50:51 UTC
dPYZwLy1is0,2021-08-21 21:04:29 UTC
ZRPGq6b9dHg,2021-08-21 13:07:11 UTC
yaWnd6ph11A,2021-08-21 11:05:20 UTC
si-ZfxQ9Nmc,2021-08-15 23:20:41 UTC
HmwFayGwOaE,2021-08-15 23:04:39 UTC
AwQciLL_jOw,2021-08-14 12:47:32 UTC
RJPIUGHy60U,2021-08-14 12:44:17 UTC
hYSrzUlsblY,2021-08-14 11:29:05 UTC
ciwMDLn2Sks,2021-08-14 01:46:59 UTC
09maaUaRT4M,2021-08-14 01:03:42 UTC
SgzFj8saFXc,2021-08-13 12:52:15 UTC
1qgTadjYFJ8,2021-08-13 12:14:43 UTC
DNrxyAMkQGY,2021-08-12 17:33:55 UTC
3esJT9toPzk,2021-08-11 17:57:17 UTC
VigAbtcJk9Q,2021-08-11 07:08:13 UTC
fAuTS8Vx-NA,2021-08-11 01:49:10 UTC
NDITOuFyjmw,2021-08-09 19:06:10 UTC
fHn94D4e1wg,2021-08-09 01:15:05 UTC
ro7yaleQD40,2021-08-06 21:10:23 UTC
f88-D7WopSk,2021-08-06 21:09:05 UTC
F8uNJG7K2Ss,2021-08-06 21:03:52 UTC
mtBbO39Fugk,2021-08-06 20:23:08 UTC
UhxKYWPStHU,2021-08-06 17:00:42 UTC
PNmi6gtGQ6A,2021-08-05 07:06:17 UTC
_2wsx1onlOE,2021-08-04 20:08:24 UTC
525dPzWrPZo,2021-08-04 19:59:30 UTC
jpIJMKjxkQ0,2021-08-04 19:24:04 UTC
3HmFnp-jgfw,2021-08-04 13:11:35 UTC
dJrcJqoHjt4,2021-08-03 22:25:03 UTC
Ex8lKCq5y5Y,2021-07-31 23:12:52 UTC
UoCVdka2cEA,2021-07-31 23:03:56 UTC
loGNQdnhyH8,2021-07-31 22:51:05 UTC
Zf1O-Ogcujk,2021-07-31 22:18:51 UTC
aKg3GztbUE4,2021-07-31 01:50:43 UTC
vDm2PYa51kM,2021-07-31 01:28:33 UTC
Ny1BEmAsvD8,2021-07-26 10:09:20 UTC
zrc0BnMPNuk,2021-07-26 03:50:41 UTC
F2s2DYzo_78,2021-07-26 03:49:35 UTC
XjJuhXbTpqQ,2021-07-26 03:48:35 UTC
e5fp9QXPMsA,2021-07-26 03:46:42 UTC
LKtIqo9KUvo,2021-07-26 03:45:47 UTC
bRmGmYVRt6g,2021-07-26 03:45:05 UTC
N-wlchE2QWI,2021-07-26 03:42:16 UTC
xRO3Vfdui_k,2021-07-26 01:54:00 UTC
hb9HCIDNiTI,2021-07-26 01:45:04 UTC
X3gntnG7_8I,2021-07-26 01:41:39 UTC
CKktpURFlwA,2021-07-26 01:39:48 UTC
UDdzq70yKRQ,2021-07-26 01:06:29 UTC
y0pvqMGktoU,2021-07-23 00:50:23 UTC
H4NlSCM4zlc,2021-07-22 13:40:40 UTC
nOBv_QRSd8U,2021-07-11 01:58:14 UTC
H49dKndhDuI,2021-07-11 01:31:39 UTC
Xx938hF0Lu0,2021-07-10 06:31:21 UTC
PsisOIW2-r4,2021-07-10 06:25:35 UTC
V8_CS31cHfs,2021-07-10 06:24:27 UTC
WGYeg9r5hNI,2021-07-08 08:39:02 UTC
fwZMGQ_556A,2021-06-27 15:39:28 UTC
Ak5Dv1tiaYo,2021-06-27 15:30:28 UTC
vxfB3N3_jYw,2021-06-27 13:43:53 UTC
cZWdbHqD1ds,2021-06-27 13:26:48 UTC
JIJCdMzgO0Y,2021-06-23 11:32:49 UTC
EWeEXoG09s8,2021-06-22 21:24:16 UTC
R9_NuYpKAyI,2021-06-22 12:22:06 UTC
Z4LKSwFgN1I,2021-06-22 12:19:04 UTC
SpKr0omlbqs,2021-06-21 12:41:16 UTC
aBEnXC7wOII,2021-06-21 07:30:38 UTC
K0HcJpVadrM,2021-06-21 07:29:53 UTC
0vFsrQT06W0,2021-06-21 01:56:24 UTC
HsQsxRJHeqg,2021-06-21 01:39:12 UTC
RJ4wOJ2dVZo,2021-06-21 01:34:17 UTC
p97B0NL1j7s,2021-06-21 01:27:24 UTC
rXeYahVHMuU,2021-06-21 01:07:55 UTC
9whIjNYNMWc,2021-06-13 07:54:53 UTC
DX6LCP0hdSk,2021-06-13 07:52:38 UTC
E-WTVm2koVA,2021-06-13 07:47:37 UTC
ZIxNgQ-CwPo,2021-06-13 07:41:20 UTC
K7wd3-hSuN0,2021-06-13 00:22:26 UTC
MQrlBIMTzIM,2021-06-13 00:18:13 UTC
TKZxXRAb3i0,2021-05-18 18:36:14 UTC
qXRSFxDP404,2021-05-18 09:28:35 UTC
sAKwBq8krcg,2021-05-17 07:18:13 UTC
_6mle5HRB3k,2021-05-17 01:18:00 UTC
Y9VBgCC2D0A,2021-05-17 00:56:27 UTC
FuiMQPc5aKA,2021-05-17 00:47:45 UTC
1t9_pyEIbGQ,2021-05-17 00:23:14 UTC
toV8Lb9h0Vs,2021-05-17 00:00:51 UTC
FIAlrTe0d8w,2021-05-16 21:44:14 UTC
ZcHPNUN-U8E,2021-05-01 05:30:00 UTC
zmcPGCAMMn0,2021-05-01 04:12:56 UTC
2y_XKOLHCBU,2021-04-30 21:48:42 UTC
k4I3bcDC4rE,2021-04-27 20:16:35 UTC
M6X1aUyUFX8,2021-04-26 01:59:59 UTC
dWzzUvK15_Y,2021-04-16 15:47:35 UTC
Wjb58bviMOg,2021-03-31 20:58:20 UTC
7_LhAIBGorA,2021-03-31 16:08:55 UTC
mxVXOR1x9HI,2021-03-31 16:05:30 UTC
6UaZ--LZCek,2021-03-31 16:01:53 UTC
V7j39X8NelI,2021-03-31 16:00:30 UTC
14ToekMyIHU,2021-03-31 15:51:55 UTC
jB8QUo80meM,2021-03-28 22:21:19 UTC
DJ1xd5VTiJQ,2021-02-22 11:46:02 UTC
2Ux2D5gFsaQ,2021-02-18 18:35:29 UTC
nrzusdilnKQ,2021-02-18 03:57:18 UTC
KeTVjf85gzs,2021-02-18 02:44:18 UTC
oEPbzGrin80,2021-02-18 02:33:27 UTC
LXRXmDoi1jc,2021-02-18 02:28:34 UTC
sao25Fyl47Y,2021-02-17 22:52:08 UTC
bHcJnBkiI7M,2021-02-14 18:20:00 UTC
iZGZv48FGYw,2021-02-14 16:01:51 UTC
bJKXeT9FAhs,2021-02-13 14:30:35 UTC
to_XJ6MIN_s,2021-02-13 03:45:45 UTC
jkF2vNpLMcg,2021-02-13 02:33:06 UTC
lmf3vWOhx0M,2021-02-12 02:28:25 UTC
JrMX9dXaEMU,2021-02-12 02:21:52 UTC
sRJZG45UcyM,2021-02-12 02:11:10 UTC
3yphEpEwO-Q,2021-02-12 02:08:50 UTC
Yfyqna_KIvg,2021-02-12 02:07:28 UTC
zNmwD3D4p2w,2021-02-12 02:00:49 UTC
8NwRF3RazLg,2021-02-11 13:28:50 UTC
T9wb6kaJXiY,2021-02-07 16:53:58 UTC
Q-LXpLnhko8,2021-02-07 16:51:13 UTC
XAwmg91dR1w,2021-02-07 16:28:28 UTC
6NLMcxKDXMo,2021-02-07 10:39:28 UTC
QkWqUrUR8ok,2021-02-07 10:30:10 UTC
OhQelq3ACqg,2021-02-06 21:33:43 UTC
jLs2_xbMBh4,2021-02-04 19:07:23 UTC
ZN7lDWP9gT8,2021-02-02 04:23:10 UTC
uBj7Co-06hg,2021-02-01 19:11:18 UTC
M-4sHL8Yjrs,2021-01-31 02:04:50 UTC
amKat_bOZTk,2021-01-31 01:51:09 UTC
4gyI3my8MhM,2021-01-26 13:30:13 UTC
YFioO3NIEfA,2021-01-24 16:21:15 UTC
gn0lDg2uI_E,2021-01-23 14:14:44 UTC
qneJpL0g-OE,2021-01-21 18:52:01 UTC
NmHmXdxpFGQ,2021-01-21 01:41:18 UTC
Hk62IIGg2i8,2021-01-19 22:47:28 UTC
3tMIlL-tQ0I,2021-01-19 19:07:21 UTC
GSKsyclHQ7E,2021-01-16 20:53:22 UTC
lzjz0wuFbRA,2021-01-14 13:21:52 UTC
4SlgJPvYjrs,2021-01-05 22:27:40 UTC
MeyRwnz9J7E,2021-01-05 01:43:41 UTC
CRt_ePdfv5A,2021-01-04 18:52:36 UTC
BuvvjZ8Ui9w,2021-01-03 20:47:31 UTC
Vue3zOXRxrY,2021-01-03 17:34:57 UTC
F7N4W1QJDsk,2021-01-03 06:15:24 UTC
XYveZAp72bY,2021-01-02 23:26:38 UTC
7cAGDOxIwbE,2020-12-30 03:42:00 UTC
5lSLBKjieUs,2020-12-26 19:48:55 UTC
4QvAjwjNAic,2020-12-24 14:28:10 UTC
KCLhUZ42ebY,2020-12-22 18:54:49 UTC
mvS6LgXQZ3g,2020-12-22 18:46:22 UTC
NWFhrb06Qq8,2020-12-16 01:15:31 UTC
BhsXhzP3o04,2020-12-05 13:46:12 UTC
8_iFsRYY2sw,2020-11-24 13:19:12 UTC
gBMBkjhvtR8,2020-11-24 08:19:17 UTC
I4Ml4YbCIOg,2020-11-23 13:48:31 UTC
WoDc8P56feU,2020-11-20 22:55:48 UTC
7q-OEKmfFP0,2020-11-19 22:39:19 UTC
wQ83yJvAKLg,2020-11-18 14:42:51 UTC
_687VJHDGzM,2020-11-17 13:28:46 UTC
fh5-HsI1hkA,2020-11-17 13:25:23 UTC
vhPabO-e7XA,2020-11-17 13:23:30 UTC
TqJFzKctgcs,2020-11-16 13:16:45 UTC
7hjIX-j1-84,2020-11-14 17:45:37 UTC
HD-Rv9KAjKg,2020-11-13 23:15:05 UTC
yCyluVHODJQ,2020-11-13 22:54:12 UTC
8RNAZjk3w5s,2020-09-20 01:33:03 UTC
ZKGTrG_R4nU,2020-09-20 01:05:04 UTC
LFc25drHTrg,2020-08-20 12:59:32 UTC
i7ppDEQjyOg,2020-08-20 07:52:36 UTC
punSAwiqSQ0,2020-08-17 12:42:01 UTC
i4TY6Oui-XI,2020-08-16 23:26:06 UTC
UdIf0m2oh3s,2020-08-16 23:23:01 UTC
dRGv7-0U3jg,2020-08-02 15:20:45 UTC
QAs3TiT1t_k,2020-08-02 13:08:20 UTC
c8dAEbHembA,2020-08-02 13:04:05 UTC
2fMoOctfBzA,2020-08-01 13:57:05 UTC
hflx1fOZ9gg,2020-08-01 13:47:00 UTC
sA2l-bz55ng,2020-07-30 11:43:50 UTC
4V5-IV9gFtM,2020-07-30 07:31:57 UTC
NyvtITb44KY,2020-07-30 02:13:29 UTC
MYxo8_bHtsE,2020-07-29 08:14:26 UTC
fUJ6UdgbaAc,2020-07-28 11:30:11 UTC
L5Mq15WS7JI,2020-07-27 16:52:21 UTC
tv3_0NoGP2E,2020-07-09 19:35:56 UTC
f73whZ3S4dc,2020-07-07 18:49:15 UTC
yddfvHmr9Os,2020-07-07 18:41:59 UTC
qfFsqQfDeyM,2020-07-05 22:00:11 UTC
_BQKoOAyVts,2020-07-04 20:16:25 UTC
XP4q2rKsONU,2020-06-29 19:41:29 UTC
HjA6awbtQpM,2020-05-27 00:14:11 UTC
fKsMnEemzMM,2020-05-26 21:02:13 UTC
WjOLXk4fcho,2020-05-26 00:53:16 UTC
HAFTuq0mH0U,2020-05-25 22:44:33 UTC
OBkqy6kKbR0,2020-05-23 01:59:35 UTC
k_xlpyvek_s,2020-05-22 21:18:34 UTC
2ph1jYfKPPo,2020-05-22 01:24:19 UTC
6l7-iLUjXvw,2020-05-20 20:47:59 UTC
9YCHTvK36Xg,2020-05-20 05:25:09 UTC
GPzHfF_-6yU,2020-05-17 15:28:03 UTC
PNgoEtyF6Co,2020-05-17 12:28:43 UTC
zjj1Sv808BY,2020-05-17 00:39:29 UTC
JSbT7JVNEU4,2020-05-16 23:37:44 UTC
WyHkJF9LDRg,2020-05-16 22:21:36 UTC
nBCsFuoFRp8,2020-05-16 21:40:22 UTC
pwgyh4UDIBo,2020-05-16 13:29:02 UTC
bJrCY2qwhgI,2020-05-15 20:52:35 UTC
J-kL0gBhJTk,2020-05-14 19:30:53 UTC
L4ZQ9bQJKKk,2020-05-14 17:42:53 UTC
CxHbZ0ylsac,2020-05-14 12:16:43 UTC
9-5KyjC5K-c,2020-05-13 00:45:52 UTC
5uVs9gQ1hFE,2020-05-13 00:39:15 UTC
h1pT1OmO1cc,2020-05-10 20:01:26 UTC
YOxF5Wv6erU,2020-05-07 08:02:00 UTC
i9G5bT_i8QQ,2020-05-06 10:21:55 UTC
M1wOAQeitNM,2020-05-05 22:56:20 UTC
99MQADJGP5s,2020-05-04 13:46:13 UTC
teKNDLE5u50,2020-05-03 22:38:07 UTC
2ijgzy5V7xA,2020-05-03 20:17:21 UTC
 -HnDJCnA8tg,2020-05-03 19:24:17 UTC
Z_RQxt0Wcgk,2020-05-03 18:36:14 UTC
ARHyp6c7MWc,2020-04-11 00:52:45 UTC
UTqltaBa0Q8,2020-04-10 23:28:24 UTC
d4HRTADpE6o,2020-04-05 15:12:08 UTC
FxXrLGO_siY,2020-04-05 15:00:34 UTC
qZszBHRSaKo,2020-04-05 14:48:19 UTC
_8eauRFCOxQ,2020-04-05 14:43:12 UTC
UFyGerq-u3U,2020-04-05 14:24:29 UTC
KLnfwYw-Qpc,2020-04-05 14:19:13 UTC
SyTxba7TIoU,2020-04-05 14:18:27 UTC
9WhVDmi631o,2020-04-05 13:45:57 UTC
ViOFMMQ4S8k,2020-04-03 23:45:02 UTC
SbE6d63dm3o,2020-04-03 17:20:42 UTC
WYaeFhF9b4M,2020-03-30 01:50:19 UTC
DsCbMrpDOvc,2020-03-29 12:52:59 UTC
rz1-SOk8PfE,2020-03-28 23:38:59 UTC
GPszu8qf4xo,2020-03-19 23:46:10 UTC
1puziwt5Su8,2020-03-07 21:54:00 UTC
6WDI93Z2Ki0,2020-03-07 01:30:49 UTC
tk2QaJwGqx0,2020-03-06 03:01:26 UTC
DTfDPuHytGI,2020-03-04 12:23:37 UTC
kd1l7B_j8Y0,2020-03-03 15:00:06 UTC
TooHQlZdzCo,2020-03-01 22:11:17 UTC
S90HpO5hmNw,2020-03-01 20:06:04 UTC
kSOZqfDic90,2020-03-01 19:42:33 UTC
CIW3hQUpWD8,2020-03-01 17:28:47 UTC
mdwBBdKnkMo,2020-03-01 16:38:42 UTC
Thu-U90tRpo,2020-02-26 23:25:11 UTC
yV4_d1hC0x4,2020-02-26 16:20:44 UTC
0KQj-abXrPk,2020-02-26 15:48:58 UTC
ldBcCnrSgzU,2020-02-18 04:22:02 UTC
vsysVmPC7P8,2020-02-18 00:46:09 UTC
fBfap84cUcs,2020-02-17 04:12:32 UTC
BDp2NchNhRU,2020-02-17 04:04:37 UTC
KVQ0pN0qXsU,2020-02-17 04:02:09 UTC
lKf3HghedJM,2020-02-17 03:58:52 UTC
RKv6HVLi06o,2020-01-12 16:44:26 UTC
ygbwxruzklY,2019-10-23 05:02:37 UTC
7r-L4Lyh12c,2019-10-23 03:58:10 UTC
yT2BVVj68kM,2019-09-28 02:15:02 UTC
yFlvaomqfK8,2019-09-27 22:12:11 UTC
PomCd8xhFQQ,2019-09-25 09:26:11 UTC
jRMUrRXBiYw,2019-09-25 09:20:15 UTC
kzR9VuwpGe8,2019-09-25 09:15:25 UTC
qNUPaNWGROA,2019-09-25 08:57:01 UTC
xB9N4NN2IXw,2019-09-24 17:41:02 UTC
OCy2kn94guI,2019-09-24 00:56:55 UTC
KOZyhAaJOvw,2019-09-22 22:05:16 UTC
yltaWeHMxF4,2019-09-22 02:54:12 UTC
XIo408iCU7I,2019-09-21 21:57:39 UTC
ATMR5ettHz8,2019-09-21 20:47:57 UTC
5Q71OeVswwA,2019-09-19 11:12:17 UTC
aMLFs2zISIU,2019-09-19 01:34:10 UTC
fxWOwXVd8iM,2019-09-18 19:15:35 UTC
sISYqg37GuY,2019-09-16 06:46:56 UTC
muGzwadulSI,2019-09-15 15:41:04 UTC
B55F-XTR7Vo,2019-09-13 09:48:41 UTC
sReREWoNyYY,2019-09-13 09:18:37 UTC
dDRr8UEIP9E,2019-09-13 09:15:04 UTC
p9jJNhDUQOk,2019-09-13 09:12:51 UTC
hcxtIIgoQ0A,2019-09-12 23:50:02 UTC
LWYx9EXEcus,2019-09-12 22:59:42 UTC
WwK2XoJpSaM,2019-09-05 19:55:40 UTC
rpuPCcw-cDU,2019-09-01 05:20:00 UTC
emdUunUckOg,2019-09-01 03:58:42 UTC
o00BoCNtPmI,2019-09-01 03:56:18 UTC
5XGi1J0E8y8,2019-08-31 18:49:15 UTC
Pnhw7HSYooI,2019-08-31 18:44:01 UTC
l-An2Qr8QJw,2019-08-31 18:27:04 UTC
hsQQljXCstU,2019-08-06 21:02:00 UTC
jZwc4OB548A,2019-07-24 02:38:22 UTC
fs6z9VejQIk,2019-07-03 12:46:48 UTC
MOsr_ZOi-Jo,2019-07-03 12:40:24 UTC
0wcOIbZ2UJk,2019-06-21 18:43:51 UTC
bCBRN1oxHN8,2019-06-20 00:25:20 UTC
jwCZyq7emDc,2019-06-19 03:59:05 UTC
7DR3pFxkPVg,2019-06-16 15:49:33 UTC
7dgY15quC5M,2019-06-14 08:35:38 UTC
sPZsjK4GPMA,2019-06-14 00:59:16 UTC
MH9VDJ-cRRg,2019-06-05 06:05:24 UTC
bPpIeo-M7EI,2019-06-03 20:35:43 UTC
ZIRKvjxEaHQ,2019-02-15 14:38:51 UTC
NxV_dJFiPu8,2019-02-11 14:33:17 UTC
eT7NWRi0aDg,2019-02-09 01:16:22 UTC
dtWbTZbfkI8,2019-02-09 01:00:04 UTC
Dmhc-YC6wII,2019-02-08 02:09:21 UTC
l11qFpRqhIQ,2019-02-07 20:46:00 UTC
jmbX2NNSdD8,2019-02-07 20:33:36 UTC
DjRksN3TE8E,2019-02-05 04:58:54 UTC
rpT7gT61SNU,2019-02-05 01:05:58 UTC
cERKNRIBjGA,2019-02-04 06:31:57 UTC
85LjQfCqmos,2019-02-04 01:22:58 UTC
agOE1BzZzvc,2019-02-04 01:17:29 UTC
IR7ZLKoOnLI,2019-02-02 21:03:17 UTC
Z6JisAVvnn0,2019-02-02 17:10:11 UTC
Fo7Z17XOIyI,2019-02-02 17:08:50 UTC
 -X109g7xwfU,2019-02-02 17:00:15 UTC
UMcc7OV8Zs4,2019-02-02 16:58:02 UTC
PAE0V9YMfE4,2019-01-27 01:02:53 UTC
MSinADZBh2g,2019-01-26 23:47:01 UTC
lF4Jsewy13E,2019-01-22 14:36:12 UTC
2KBGcOm-IPw,2019-01-21 00:39:17 UTC
vzqZcSgRSCY,2019-01-19 00:18:42 UTC
MO1nxiKMoYo,2019-01-18 23:39:34 UTC
3tYQqV3_Ukc,2019-01-18 23:12:38 UTC
dFCrqn0RzJA,2019-01-17 05:14:39 UTC
J4P-Jiq_-UE,2019-01-13 00:13:55 UTC
Bhho5S8AbzM,2019-01-10 22:44:18 UTC
CaK-rBBMd6Q,2019-01-06 00:52:53 UTC
B276TLkiBtY,2019-01-02 00:29:13 UTC
PLCujFHk4I8,2018-12-31 19:38:29 UTC
K81iZ1V428Q,2018-12-31 01:31:39 UTC
hjqPmqXy7nc,2018-12-30 13:28:11 UTC
h8eCFfcSD3U,2018-12-30 07:26:40 UTC
hxjH4sa2RFI,2018-12-30 00:13:56 UTC
fcoAkNU24Vw,2018-12-30 00:06:55 UTC
euPJzOjffps,2018-12-29 23:59:15 UTC
5oDXdu1W064,2018-12-29 23:51:32 UTC
qzv6EhE7Cbo,2018-12-29 23:26:54 UTC
hujzTIKN-nA,2018-12-29 00:37:50 UTC
Yh8QfWlSv9Q,2018-12-28 23:55:09 UTC
Y4_chdicUBQ,2018-12-28 01:10:13 UTC
VAAAbYGkPtU,2018-12-25 01:30:59 UTC
dezk9ZHC2Bg,2018-12-25 01:23:23 UTC
yRwUvx1vmB4,2018-12-25 01:22:27 UTC
W6Nq5NF2nOs,2018-12-25 01:21:18 UTC
SGXftIa-AVM,2018-12-24 22:16:50 UTC
 -ErZxJUDgqI,2018-12-24 22:07:05 UTC
x2KIHEVmnKs,2018-12-24 21:02:22 UTC
QMYs2dk2G0k,2018-12-23 08:06:41 UTC
KBbb_ue_6QI,2018-12-22 22:30:06 UTC
CefiREdVw3M,2018-12-22 22:21:52 UTC
hOPRwK01Lq4,2018-12-22 12:47:37 UTC
x0mC9eutSiQ,2018-12-22 06:42:09 UTC
L-y1sr1qUlE,2018-12-15 21:22:32 UTC
4_XeARl4aX0,2018-12-10 23:55:02 UTC
2MMntuWZ5o4,2018-12-10 23:50:01 UTC
Cl1E9kkYoVo,2018-12-10 23:38:02 UTC
mWecuhUUvX0,2018-12-10 14:30:52 UTC
GPUxl6tQIN0,2018-12-09 09:17:14 UTC
5IJkx-9LXUY,2018-12-08 21:51:52 UTC
H91hXUtpDL8,2018-12-08 21:12:31 UTC
U9F_3I-4dak,2018-12-07 04:58:33 UTC
ThgF-ZNggYg,2018-12-07 04:23:37 UTC
kCC0QEbKBj4,2018-12-04 01:39:54 UTC
owCEi3xM698,2018-12-02 20:49:17 UTC
ML9yZd7bIvY,2018-12-02 04:50:33 UTC
bgXXFPdYKt0,2018-12-02 04:01:34 UTC
LUvOuik-g4c,2018-12-02 03:45:58 UTC
hnfuYqJOc6I,2018-12-02 03:43:42 UTC
DpVGBDd2mS0,2018-11-25 13:15:18 UTC
UNTpFMDRNSs,2018-11-18 01:28:25 UTC
7Nk1MIiBKPY,2018-09-23 21:34:32 UTC
RSj62wKQeGc,2018-09-23 20:39:32 UTC
h195HfMrvag,2018-09-23 20:24:38 UTC
y99mVdUYoqg,2018-09-19 16:52:21 UTC
GXYA2RNtLVw,2018-06-12 13:24:32 UTC
dWkQw4pI98A,2017-12-14 02:42:04 UTC
Wrrwme1uKWU,2017-12-14 02:40:05 UTC
I0FoUrdcoWU,2017-12-13 22:47:51 UTC
sLOnxbncHsw,2017-12-13 15:03:34 UTC
iCqS7ZgNfvc,2017-12-13 00:36:27 UTC
TgUMJKGnOUg,2017-12-12 08:50:36 UTC
AoViUeZHJfs,2017-12-12 08:35:25 UTC
s5rhLNYwYz8,2017-12-12 03:37:47 UTC
Id7EiAkqEBU,2017-12-11 21:50:30 UTC
FRyKwCGWJUc,2017-12-11 02:28:22 UTC
jfq7Nf6fcq8,2017-12-11 01:02:52 UTC
rVNRs9gxpMs,2017-12-11 00:57:42 UTC
qkUnDC0k588,2017-12-11 00:19:26 UTC
ujaaIpX9-wQ,2017-12-10 22:20:49 UTC
tvIM0uq82V8,2017-12-10 21:18:11 UTC
1UVV20UTuMs,2017-12-10 21:13:11 UTC
TubQt215rWQ,2017-12-10 21:08:24 UTC
v6ec8r5A8iY,2017-12-10 21:05:02 UTC
YiTGiZcrxSc,2017-12-10 01:49:52 UTC
5GGf7eU0GxU,2017-12-10 00:11:39 UTC
fMUFSSdwteM,2017-12-10 00:05:10 UTC
OETl6rzcnHw,2017-12-09 22:12:12 UTC
Q6yJx7HFlSg,2017-12-06 15:31:42 UTC
j7LmQLjF_d8,2017-12-05 01:58:54 UTC
a2RuPhpByLM,2017-12-04 20:55:21 UTC
kK3jWpcVqpQ,2017-12-02 02:23:09 UTC
8QRDHR3yajY,2017-11-29 22:16:21 UTC
uGzng5BZRVU,2017-11-27 15:11:52 UTC
hmRPECd9Yig,2017-11-27 15:07:59 UTC
jo88Pe373Kc,2017-11-27 12:53:59 UTC
CEMY5RXM338,2017-11-26 01:39:44 UTC
WSBH6FpYY-c,2017-11-26 00:54:15 UTC
cWoUC_1NI90,2015-01-23 20:32:02 UTC
7nZMFGsgjqo,2014-12-08 16:55:54 UTC
54iLsl1SErE,2014-12-05 15:03:48 UTC
dxky3kK0wh4,2014-12-04 16:01:42 UTC
BHpQtvIxBJ4,2014-11-08 02:38:55 UTC
IPpA6IgUEx4,2014-11-07 04:08:02 UTC
5UX2afsTqFI,2014-07-15 07:48:55 UTC
SsqUEL4aLAk,2014-07-13 07:23:20 UTC
KU6-saBNZjY,2014-07-13 06:48:05 UTC
dqyUlelny_U,2014-07-10 07:30:36 UTC
sp3JOzcpBds,2014-07-10 07:11:07 UTC
ccvUstooIfw,2014-07-08 16:36:09 UTC
BSZjR9_8TWE,2014-07-08 16:20:31 UTC
Q5rY38wo8Ps,2014-07-08 16:19:07 UTC
YtgcyDA-cBk,2014-07-08 16:16:46 UTC
4Ra5hF2Uxl4,2014-07-08 16:04:37 UTC
otxFgEuzqYI,2014-07-08 15:53:12 UTC
XhRUx21Eq1U,2014-07-08 14:11:06 UTC
Tdc-uO1fQrQ,2014-07-08 13:42:02 UTC
w8UiH8lWXq0,2014-07-08 13:40:56 UTC
5sucifmMreg,2014-07-08 13:10:20 UTC
1Fi_rhUECiI,2014-07-07 16:00:26 UTC
xh_PJWlUdKU,2014-07-06 13:58:22 UTC
Hex5TjKpXgo,2014-07-06 01:44:40 UTC
6O-xcIR1A2E,2014-07-06 01:23:28 UTC
uQhz7JENCZE,2014-07-06 01:12:22 UTC
JqU8BvRr3aA,2014-05-19 02:12:04 UTC
861ufT5ZtME,2014-04-30 16:38:45 UTC
yqMjMPlXzdA,2014-04-30 03:02:45 UTC
fpnmkQNI5q4,2014-04-23 13:24:30 UTC
 -tqr8Z_HrrY,2014-04-22 16:33:28 UTC
hGqo5ICsNqM,2014-04-22 08:21:57 UTC
SokOraXuqVk,2014-04-20 23:29:55 UTC
2DZ0uC_Ft-U,2014-04-20 17:28:21 UTC
Z-20v1b5jKY,2014-04-19 14:11:13 UTC
N4bMublGWqs,2014-04-17 14:13:01 UTC
7kA3Tld9wAo,2014-04-17 14:11:50 UTC
hRaO5A5dGnc,2014-04-16 17:14:51 UTC
VjuerP4dcmM,2014-04-14 23:18:48 UTC
iYe83kOvCVY,2014-04-13 15:39:21 UTC
Q-G4zsZHf0Q,2014-04-13 15:34:57 UTC
wk5SMOclvwI,2014-04-13 00:26:09 UTC
aCF9pXD6Lmk,2014-04-13 00:20:57 UTC
un6vjyOA904,2014-04-12 23:57:51 UTC
gtumYwv0YYo,2014-04-12 03:35:15 UTC
JrbWPP3-2a4,2014-04-11 16:59:48 UTC
H9NPXNfiqSs,2014-04-09 07:13:41 UTC
tGaA9QsBYwk,2014-03-23 23:50:58 UTC
BgCugYtEgOQ,2014-03-23 23:42:43 UTC
9SXG5MzY7BE,2014-03-23 23:21:18 UTC
 -ihs-vT9T3Q,2014-03-23 23:02:19 UTC
7wssbIgRh0k,2014-03-23 11:57:44 UTC
iqNhj5QL5GA,2014-03-23 10:52:33 UTC
OFhc1hHMCHI,2014-03-23 10:50:42 UTC
L2-EGNKzUAQ,2014-03-20 18:22:49 UTC
_LvTpjK-MEY,2014-03-16 00:02:53 UTC
dRx_-GvJFHg,2014-03-15 22:39:58 UTC
DhLfl0QHNMY,2014-03-15 02:23:55 UTC
pCiRnNraDMY,2014-03-14 16:18:41 UTC
O5KM-FjJS4A,2014-02-09 21:19:21 UTC
BbSGQZWkx1E,2014-02-05 23:28:23 UTC
4hz4WphDipY,2014-01-05 19:28:50 UTC
qa5l58jVpvU,2013-09-28 17:38:03 UTC
U2t2t_cpvoc,2013-09-28 11:31:05 UTC
uC05wQsC21Y,2013-09-28 09:38:03 UTC
nXC-XIKoDNw,2013-09-26 20:14:39 UTC
dfmE630y-Jc,2013-09-24 11:48:58 UTC
uXeaG3x7WWY,2013-09-21 02:09:00 UTC
7nFbMGGRaO0,2013-09-21 02:00:28 UTC
W2furvglLGY,2013-09-21 01:55:11 UTC
QMDgAevEJds,2013-09-21 01:51:39 UTC
ReuBms-qZQk,2013-09-21 01:44:48 UTC
QdD1yrOCwnY,2013-09-21 01:40:10 UTC
8nOrbKSb7MQ,2013-09-21 01:21:22 UTC
9WAJSG6QibM,2013-09-21 01:15:01 UTC
5yt849wJyVk,2013-09-21 00:47:00 UTC
YEpg6H2MOUY,2013-09-20 21:05:22 UTC
2N5Bk8FMw9Y,2013-09-20 21:00:36 UTC
UApVRyUMemc,2013-09-17 22:39:16 UTC
jkQhbtZJCh8,2013-09-17 22:22:31 UTC
mQDb7ozd7d0,2013-09-16 22:59:00 UTC
iVCDRA6pF7M,2013-09-16 15:38:15 UTC
OzTNc4kPQ-4,2013-09-16 15:33:55 UTC
_IZN68EJOzY,2013-09-16 15:32:02 UTC
P3AyyaCNoCo,2013-09-16 13:59:19 UTC